algorithm,instance,number_of_cities,runs,best_fitness,mean_fitness,median_fitness,standard_deviation,worst_fitness,mean_gap_percent,best_gap_percent,worst_gap_percent,success_count,success_percentage,mean_runtime_seconds
discrete_ana_baseline_v1,wi29,29,30,29205,35860.73333333333,34694.0,4499.910236141754,45847,29.916071924549264,5.803716987283991,66.09426511611056,0,0.0,0.46567447996664363
discrete_ana_baseline_v1,dj38,38,30,8705,10493.5,10541.0,815.1193587233205,12234,57.65474759615385,30.784254807692307,83.80408653846153,0,0.0,0.6390537827668595
discrete_ana_baseline_v1,berlin52,52,30,10719,11815.6,11779.5,677.6528253642406,13681,56.66401485017237,42.124105011933175,81.39750729249536,0,0.0,0.9555740198001634
discrete_ana_baseline_v1,qa194,194,30,39542,42742.23333333333,42609.0,1475.1455961650217,46235,357.03842315369263,322.8186484174508,394.3862275449102,0,0.0,4.4669207562333515
